{"configs_key":{"and_api_endpoint":"https:\/\/munoapi.com\/api\/","app_airtel":"0,5,4","app_auth":"https:\/\/munoclub.co\/app\/auth.php","app_dpo":"https:\/\/munoclub.co\/app\/parsers\/like_status.php","app_endpoint":"https:\/\/munoclub.co\/app\/api_endpoint.php","app_mtn":"7,8,6,9","app_redirect":"https:\/\/munoclub.co\/app.php","app_version":"1.1","download_expiry":"7","ios_Verified":"true","ios_api_endpoint":"https:\/\/munoapi.com\/api","ios_app_version":"1.1.1","tv_api_endpoint":"https:\/\/munoapi.com\/api","tv_app_version":"0.1.2"},"fetch_time_key":1755153762065,"abt_experiments_key":[],"personalization_metadata_key":{},"template_version_number_key":87,"rollout_metadata_key":[]}