{"Fid":"cfsuL-cDT2i3VO7aexCZvz","Status":3,"AuthToken":"eyJhbGciOiJFUzI1NiIsInR5cCI6IkpXVCJ9.eyJhcHBJZCI6IjE6MzE2MzA3OTIxNzA0OmFuZHJvaWQ6MWQ0NzU3MjQ4MDVlYzI4ZTVhOGUxZCIsImV4cCI6MTc1NTc1ODQyMywiZmlkIjoiY2ZzdUwtY0RUMmkzVk83YWV4Q1p2eiIsInByb2plY3ROdW1iZXIiOjMxNjMwNzkyMTcwNH0.AB2LPV8wRQIhAK77L_w3LOpIlhFKmr5JhvcVrUQlAOpPMr-p9R756L_nAiALqPllzeSTE8K2acdn9nkgYt_THhBxRbG5SC1FRlwQ9A","RefreshToken":"3_AS3qfwJy-R0EVpGsX2EjpJFyjjNCJDVyYkMhR3qR2pQfedrKjmdXRN7IhUR7fG9OI0ceujh_bEhwg7JuYXiTSsuY3XRKTONdXis82E609wWuxmk","TokenCreationEpochInSecs":1755153623,"ExpiresInSecs":604800}